Error,Solution
High CPU usage on server,Analyze CPU-intensive processes and optimize or scale the workload.
Memory leak in application,Identify and fix memory leaks using memory profiling tools.
Frequent network packet drops,Investigate network interfaces and apply QoS policies.
Disk I/O latency spikes,Optimize disk usage and check for I/O bottlenecks.
Unexpected server reboots,Review system logs and check hardware for potential faults.
Database connection timeouts,Optimize database configurations and increase connection pool size.
Inconsistent log file formats,Standardize log formats using a logging framework.
Application crashes under load,Load test the application to identify and fix crash points.
Frequent application restarts,Check logs for errors and adjust application configurations.
Incorrect monitoring thresholds,Review and adjust monitoring thresholds based on historical data.
API response time exceeds SLA,Implement caching mechanisms and optimize API performance.
SSL certificate expiration,Monitor SSL certificate expiry and automate renewal processes.
Service port conflicts,Check for port conflicts and reassign ports as needed.
Container orchestrator failures,Review container logs and restart the orchestrator.
Missing log files for certain events,Ensure all critical events are logged appropriately.
Slow database query execution,Optimize database queries and add indexes where necessary.
Version mismatch between services,Align service versions through consistent deployment practices.
Data sync delays across regions,Implement real-time data sync and monitoring across regions.
Broken microservice dependencies,Audit microservice dependencies and implement retries for failures.
Insufficient server disk space,Increase disk space or clean up unnecessary files.
Excessive garbage collection cycles,Tune garbage collection settings for optimal performance.
Orphaned processes consuming resources,Monitor for orphaned processes and implement automatic cleanup.
Failed automated backups,Verify backup schedules and fix any script errors.
Inaccurate anomaly detection,Improve anomaly detection models with updated data.
Frequent log rotation failures,Check log rotation configurations and permissions.
Network configuration drift,Regularly audit network configurations and maintain documentation.
Non-compliant security patches,Implement an automated patch management system.
Outdated dependency libraries,Update libraries and dependencies to the latest versions.
Multiple DNS resolution failures,Investigate DNS settings and network configurations.
Incorrect network ACL rules,Review network ACL rules for correctness and update them.
Intermittent VPN disconnections,Check VPN settings and troubleshoot connectivity issues.
Overlapping IP address allocations,Audit IP allocations and update network documentation.
Cluster node failures,Implement high availability for cluster nodes.
Failed service failover mechanisms,Review and test service failover configurations.
Application memory fragmentation,Tune memory settings to prevent fragmentation.
Data replication inconsistencies,Verify data replication settings and logs.
Unsupported API versions in use,Deprecate unsupported APIs and update integrations.
Auto-scaling delays,Optimize auto-scaling triggers for faster response times.
Log ingestion pipeline bottlenecks,Optimize log ingestion and processing pipelines.
Configuration management discrepancies,Implement configuration management best practices.
Service registry synchronization issues,Synchronize service registries using consistent updates.
Unbalanced load distribution,Balance load distribution using traffic analysis.
Inadequate application logging,Enhance application logging for better debugging.
Session timeout misconfigurations,Adjust session timeout values based on user feedback.
Underutilized resource allocation,Reevaluate resource allocations to match usage patterns.
Network interface misconfigurations,Check network interface configurations and resolve issues.
Unauthorized access attempts,Monitor access logs and enforce stricter security policies.
Unoptimized database indexes,Add database indexes for frequently queried fields.
Frequent cache invalidations,Review caching strategies to reduce invalidations.
Inefficient data serialization,Use efficient data serialization formats like JSON or Protobuf.
Delayed alert notifications,Set up alert prioritization and automated escalation.
Untracked changes in config files,Implement version control for configuration files.
Database deadlocks,Investigate deadlock causes and optimize database transactions.
Corrupted log files,Set up log file integrity checks and backups.
Stale DNS cache entries,Clear DNS cache entries and validate DNS configurations.
Insufficient thread pool size,Optimize thread pool size based on load testing results.
Missing environment variables,Ensure all required environment variables are set.
Broken CI/CD pipelines,Debug CI/CD pipelines and fix broken stages.
Incorrect SSL/TLS configurations,Verify SSL/TLS configurations for correctness.
Service discovery timeouts,Increase service discovery timeout values if necessary.
Unexpected autoscaling limits,Monitor autoscaling settings and adjust as needed.
High JVM heap utilization,Adjust JVM heap size and enable garbage collection tuning.
Cross-origin resource sharing (CORS) issues,Review CORS policies and ensure proper configuration.
Outdated monitoring agents,Update monitoring agents to the latest versions.
Non-standard application ports,Use standard ports and update network security policies.
Fragmented log storage locations,"Consolidate log storage to centralized, accessible locations."
Database schema inconsistencies,Standardize database schema updates across environments.
Inconsistent time zones across services,Set time zone configurations uniformly across services.
Slow service dependency resolution,Implement service discovery optimization techniques.
Unoptimized load balancing algorithms,Review load balancing algorithms for efficiency.
Memory thrashing due to oversubscription,Reduce memory oversubscription by adjusting limits.
Failure in distributed transaction coordination,Implement distributed transaction management mechanisms.
Data corruption during ETL processes,Verify ETL processes and set up data integrity checks.
Unauthorized data access violations,Enhance data security controls and access policies.
Security certificate chain issues,Ensure correct SSL certificate installation and chain validation.
Inadequate rate limiting on APIs,Implement API rate limiting to prevent abuse.
Misconfigured application dependencies,Audit application dependencies and resolve mismatches.
Application memory leaks,Use memory profiling tools to identify and fix leaks.
Virtual machine snapshot failures,Schedule regular VM snapshot checks and repairs.
Erratic load balancer behavior,Analyze load balancer logs and adjust configurations.
Unrestricted data retention,Implement data retention policies for compliance.
Event log overflow,Configure event log limits and implement archiving.
Frequent endpoint deprecation warnings,Monitor for deprecated API calls and update them.
Deprecated API calls in use,Optimize query caching strategies for the database.
Database query cache contention,Implement data validation checks during deserialization.
Data deserialization errors,Validate storage mounts and perform periodic checks.
Failed storage volume mounts,Review and update failover policies regularly.
Incorrect failover policies,Analyze service dependencies and remove cyclic patterns.
Cyclic dependencies in microservices,Use monitoring tools to balance resource usage.
Unbalanced resource provisioning,Remove unnecessary database indexes to reduce bloat.
Database index bloat,Implement audit logging for all sensitive operations.
Missing audit logs for sensitive operations,Increase bandwidth allocation where network usage is high.
Insufficient network bandwidth allocation,Analyze latency sources and implement optimizations.
Service latency spikes,Check data formats for consistency in ETL pipelines.
Data format mismatch in ETL,Use feature flags to control application rollouts.
Frequent application rollbacks,Right-size cloud resources based on usage metrics.
Over-provisioned cloud resources,Investigate API gateway errors using error logs.
Intermittent API gateway errors,Document all error codes for easy debugging.
Undocumented error codes,Implement cache optimization techniques.
Redundant data in caches,Profile and optimize application startup routines.
Unexpected application behavior in production,Review application logs and trace unexpected behaviors.
Slow log ingestion due to high volume,Scale log ingestion infrastructure and apply rate limiting.
Service registry inconsistencies,Synchronize service registry with configuration sources.
Frequent container restarts in production,Investigate container logs to identify restart causes.
Broken alerting rules,Update and verify alerting rules for accuracy.
High database connection wait times,Increase database connection pool or optimize queries.
API request rate limiting triggered,Implement backoff strategies for API rate limiting.
Stale service endpoint configurations,Update stale endpoint configurations and redeploy services.
Inadequate error handling in application,Implement proper error handling and exception management.
Delayed application startup due to dependencies,Optimize startup scripts and manage service dependencies.
Excessive use of deprecated API features,Audit and remove deprecated API features.
Misaligned service health checks,Align health checks with actual service conditions.
Duplicate log entries in the central log system,Eliminate duplicate log entries by reviewing log sources.
Memory fragmentation in long-running services,Apply memory management techniques to reduce fragmentation.
Auto-scaling groups not triggering on demand,Adjust auto-scaling policies and thresholds.
Frequent container orchestration failures,Troubleshoot orchestration settings and retry strategies.
Outdated OS packages on servers,Update OS packages to the latest versions regularly.
Frequent file handle exhaustion,Monitor open files and increase system file descriptor limits.
Broken CI/CD deployment pipelines,Debug and fix broken stages in CI/CD pipelines.
Redundant microservice calls detected,Reduce redundant calls by caching responses.
Excessive inter-service communication,Use message queues to optimize inter-service communication.
Inaccurate log-based metrics,Update log-based metrics to reflect accurate values.
Inefficient load balancing in multi-cloud setups,Optimize load balancing strategies across clouds.
Unexpected increase in service request errors,Monitor errors and apply targeted fixes.
Slow job processing in the message queue,Prioritize high-priority jobs in the message queue.
Missing alert rules for critical components,Add alert rules for missing critical events.
Disk space rapidly consumed by temp files,Regularly clean up temp files and monitor disk usage.
Multiple failed application deployments,Identify and resolve deployment errors.
Incorrect server time synchronization,Synchronize server times using NTP or other protocols.
Excessive database transaction rollbacks,Optimize transactions to reduce rollbacks.
Unexpected cache evictions,Investigate cache behavior and adjust eviction policies.
Misconfigured load balancing algorithms,Tune load balancing algorithms based on traffic patterns.
Database table lock contention,Identify locking issues and optimize database table structures.
Frequent session expirations,Review session management settings and extend expiration times.
Data pipeline processing delays,Monitor and adjust data pipeline processing times.
Underperforming virtual machine instances,Scale virtual machines according to performance metrics.
Broken application routing rules,Fix application routing rules and redeploy.
Stale data in analytics dashboards,Update analytics dashboard data sources.
Unexpected changes in log format,Standardize log format updates across services.
Container image pulls failing,Check container registries for image issues.
Frequent API timeout errors,Increase API timeouts or optimize API code.
DNS resolution delays,Review DNS settings and cache configurations.
Invalid service access tokens,Rotate access tokens and update configurations.
Irregular backup schedule adherence,Establish a consistent backup schedule.
Unoptimized log aggregation settings,Adjust log aggregation settings for performance.
Failure to detect network anomalies,Implement network anomaly detection tools.
Delayed load balancer provisioning,Monitor and automate load balancer provisioning.
Broken API rate limiting policies,Review API rate limiting and adjust policies.
Disk I/O saturation during backups,Optimize backup operations to avoid disk I/O saturation.
Excessive network retransmissions,Analyze network and adjust settings to reduce retransmissions.
Duplicate database entries detected,Remove duplicate database entries and improve data validation.
Service mesh misconfiguration,Verify and correct service mesh configurations.
Unnecessary resource provisioning,Review and remove unnecessary resources.
Unauthorized modifications to configurations,Audit configuration changes and implement access controls.
Broken cross-region data replication,Monitor cross-region data replication for consistency.
Overloaded database query caches,Analyze database query caches for performance improvements.
Database schema changes causing errors,Standardize schema changes and test before deployment.
Unauthorized SSH access attempts,Apply stronger SSH access controls.
Undetected network segmentation issues,Implement network segmentation and monitor traffic.
Memory leaks in service workers,Identify and fix memory leaks in service workers.
Frequent database timeouts,Increase database timeouts for slow operations.
Configuration file conflicts,Resolve configuration file conflicts and validate settings.
Slow failover during cluster node failure,Speed up cluster failovers with optimized configurations.
Disk encryption failures,Monitor and fix disk encryption issues.
Misaligned resource allocation in cloud environments,Align cloud resource allocation with usage patterns.
Frequent SSL handshake failures,Fix SSL handshake issues and update certificates.
Broken microservice dependency graphs,Visualize microservice dependencies and resolve issues.
Unplanned autoscaling group downsizing,Automate autoscaling group changes to match demand.
Incorrect load balancer health checks,Review load balancer configurations and health checks.
Expired application secrets,Monitor and rotate expired application secrets.
Database transaction log overflow,Purge transaction logs regularly.
Stale DNS record propagation,Ensure DNS records are updated and propagated.
Frequent SSL/TLS renegotiations,Review SSL/TLS renegotiation policies.
Out-of-sync distributed caches,Sync distributed caches regularly.
Excessive log retention in local storage,Move log retention to centralized storage.
Container logs not forwarded to central log system,Ensure container logs are forwarded correctly.
Frequent authentication token expirations,Implement token rotation to reduce expirations.
Non-compliant network traffic detected,Detect and block non-compliant network traffic.
Inadequate API usage tracking,Track and analyze API usage metrics.
Data processing jobs failing intermittently,Increase monitoring on data processing jobs.
Network packet inspection not enabled,Enable packet inspection to detect anomalies.
Excessive number of open file descriptors,Manage file descriptors to avoid exhaustion.
Database row locking issues,Resolve row locking by tuning queries.
Service discovery inconsistencies,Ensure consistent service discovery.
Frequent database index rebuilds,Automate database index rebuilds.
Network latency affecting application performance,Reduce network latency through optimization.
Outdated application container images,Update container images to latest versions.
Incorrect usage of environment variables,Validate environment variable usage.
Stale Kubernetes pod configurations,Review and refresh Kubernetes configurations.
Frequent inter-service deadlocks,Identify and resolve service deadlocks.
Missing service access logs,Enable comprehensive access logs.
Unauthorized data exports detected,Track and prevent unauthorized data exports.
Service configuration drift,Automate configuration management.
Frequent API gateway routing errors,Resolve API gateway routing errors.
Excessive logging causing disk usage spikes,Optimize logging to prevent disk spikes.
Outdated API documentation,Update and document API endpoints.
Unresponsive application endpoints,Monitor and restart unresponsive endpoints.
Frequent cloud resource scaling issues,Align cloud resource scaling with demand.
Excessive 5xx response codes in API logs,Track and resolve excessive error codes.
Broken backup restore processes,Test and fix backup restore processes.
High memory usage in microservices,Identify and reduce memory usage.
Inefficient network ACL rules,Review and optimize network ACLs.
Non-standard API response codes,Standardize API response codes.
Overloaded application threads,Tune application threading for efficiency.
Stale configuration data in distributed systems,Update configuration data in distributed systems.
Unauthorized access to monitoring tools,Enhance monitoring tool security.
Database connection pool exhaustion,Tune database connection pools.
Slow database backups during peak hours,Automate off-peak database backups.
Unoptimized database partitioning,Repartition databases for optimization.
Unreachable internal service endpoints,Check and update service endpoint availability.
Incorrect firewall configurations,Audit firewall settings for correctness.
Frequent log scraping failures,Resolve log scraping configuration issues.
High error rates in background jobs,Monitor error rates in background jobs.
Orphaned cloud resources not cleaned up,Clean up orphaned resources periodically.
Service version rollbacks failing,Automate rollback processes.
Broken logging level configurations,Fix logging level configurations.
Unauthorized access to application secrets,Restrict access to secrets.
Frequent SSL/TLS certificate revocations,Review and revoke SSL/TLS certificates.
Incorrect service endpoint mappings,Update service endpoint mappings.
Excessive use of API retries,Limit excessive API retries.
Frequent app configuration reloads,Automate configuration reloads.
Excessive use of synchronous API calls,Use asynchronous API calls.
Slow data export processes,Speed up data export tasks.
Incorrect RBAC policies,Correct RBAC policies.
Frequent cache purging,Manage cache strategies.
Unoptimized data indexing strategies,Tune data indexing.
Misconfigured network monitoring tools,Implement network monitoring.
Frequent network routing table updates,Optimize network routing.
Slow CI/CD build processes,Speed up CI/CD builds.
Delayed alert escalations,Escalate alerts promptly.
Inaccurate resource utilization reports,Improve resource reporting.
Frequent web application firewall blocks,Track WAF blocks.
Untracked changes to infrastructure,Audit infrastructure changes.
Service routing issues in microservices,Resolve service routing.
Duplicate log records detected,Deduplicate log entries.
Frequent SSL/TLS protocol downgrade attacks,Track SSL/TLS downgrades.
Misaligned load balancing policies,Align load balancing.
Outdated incident response playbooks,Update incident playbooks.
Frequent service health check failures,Check service health.
High application crash rates,Manage crash rates.
Unoptimized data archival processes,Optimize data archiving.
Data replication failures across data centers,Fix replication failures.
Undetected system performance degradation,Detect performance drops.
Broken health check endpoints,Restore health checks.
Frequent service-to-service communication failures,Fix inter-service links.
Unoptimized ETL job scheduling,Schedule ETL jobs.
Frequent log scraping errors,Resolve scraping errors.
Untracked configuration changes,Track config changes.
Frequent data access policy violations,Prevent data policy breaches.
Slow data processing in real-time analytics,Speed up data processing.
Frequent database schema migrations,Handle schema changes.
Excessive memory allocation in containers,Manage memory in containers.
Frequent service mesh updates,Review service mesh.
Broken container network overlays,Fix network overlays.
Undocumented service dependencies,Document dependencies.
Incorrect alert severity levels,Adjust alert severities.
Service registry update failures,Update registry data.
Stale cluster state in orchestration systems,Sync cluster states.
Over-provisioned cloud instances,Adjust cloud usage.
Frequent log shipping failures,Handle log shipping.
Incorrect health check configurations,Fix health checks.
Frequent application routing table changes,Track routing updates.
Slow configuration management updates,Sync configurations.
Delayed cluster node scaling,Scale nodes promptly.
Excessive DNS queries from services,Reduce DNS queries.
Outdated software packages in images,Update software.
Unauthorized service account usage,Restrict service accounts.
Broken log forwarding mechanisms,Fix log forwarding.
Unoptimized cloud storage access patterns,Optimize storage.
Delayed alert processing,Improve alerting.
Service endpoint unavailability,Check endpoints.
Frequent application state corruption,Prevent state issues.
Outdated monitoring configurations,Update monitoring.
Inaccurate API rate limit metrics,Track API rates.
Misconfigured session management,Fix session bugs.
Frequent disk I/O errors,Handle disk errors.
Untracked changes in cloud infrastructure,Audit cloud changes.
Outdated application logging libraries,Update libraries.
High database write latency,Handle write latency.
Undetected application performance regressions,Detect regressions.
Slow service failover response times,Speed up failover.
Unauthorized cloud API access attempts,Restrict cloud access.
Inadequate application dependency tracking,Track dependencies.
Frequent log format changes,Fix log formats.
Unoptimized API payload sizes,Optimize API sizes.
Broken message queue consumers,Fix queue consumers.
Incorrect network routing rules,Audit routing.
Frequent log ingestion rate limits,Increase log rates.
Delayed cloud resource provisioning,Provision resources.
Outdated load balancing rules,Update load rules.
Misaligned logging level configurations,Fix logging levels.
Frequent app cache invalidations,Purge caches.
Unoptimized data export pipelines,Optimize exports.
Inadequate data encryption standards,Use strong encryption.
Frequent endpoint decommissioning failures,Handle decommissioning.
Incorrect API gateway routing rules,Correct routing.
Frequent service discovery changes,Track discovery.
Outdated incident response procedures,Update response plans.
Undetected configuration drifts,Audit configurations.
Incorrect role-based access control (RBAC) settings,Set RBAC correctly.
Service mesh connectivity issues,Fix mesh links.
Frequent log file access errors,Resolve file errors.
Broken service endpoint mappings,Map endpoints.
Frequent application retries on failure,Limit retries.
Inadequate service health monitoring,Monitor health.
Stale service mesh configurations,Update mesh config.